aaa,2015-08-28,aaa,
aarp,2015-11-03,aarp,
abarth,2016-08-04,abarth,
abb,2015-04-25,abb,
abbott,2015-03-07,abbott,
abbvie,2016-04-06,abbvie,
abc,2016-07-28,abc,
able,2016-06-21,able,
abogado,2014-10-15,abogado,
abudhabi,2016-04-06,abudhabi,
ac,1985-01-01,ac,
academy,2013-12-17,academy,
accenture,2015-05-09,accenture,
accountant,2015-03-25,accountant,
accountants,2014-05-07,accountants,
aco,2015-08-27,aco,
active,2014-06-26,active,2019-02-17
actor,2014-02-26,actor,
ad,1985-01-01,ad,
adac,2016-01-26,adac,2022-11-26
ads,2015-03-24,ads,
adult,2014-12-06,adult,
ae,1985-01-01,ae,
aeg,2015-06-20,aeg,
aero,2002-03-02,aero,
aetna,2016-05-20,aetna,
af,1985-01-01,af,
afamilycompany,2016-07-31,afamilycompany,2021-12-03
afl,2015-03-28,afl,
africa,2017-02-15,africa,
africamagic,null,africamagic,
ag,1985-01-01,ag,
agakhan,2016-04-16,agakhan,
agency,2014-01-14,agency,
ai,1985-01-01,ai,
aig,2015-05-02,aig,
aigo,2016-08-16,aigo,2020-06-26
airbus,2016-06-10,airbus,
airforce,2014-04-30,airforce,
airtel,2015-07-08,airtel,
akdn,2016-04-16,akdn,
al,1985-01-01,al,
alfaromeo,2016-08-02,alfaromeo,
alibaba,2016-01-16,alibaba,
alipay,2016-01-16,alipay,
allfinanz,2014-10-01,allfinanz,
allstate,2016-07-14,allstate,
ally,2016-03-24,ally,
alsace,2014-10-04,alsace,
alstom,2016-06-10,alstom,
am,1985-01-01,am,
amazon,2020-06-02,amazon,
americanexpress,2016-08-08,americanexpress,
americanfamily,2016-07-26,americanfamily,
amex,2016-08-08,amex,
amfam,2016-07-23,amfam,
amica,2015-08-29,amica,
amsterdam,2014-12-25,amsterdam,
analytics,2015-12-21,analytics,
android,2014-11-12,android,
anquan,2016-03-30,anquan,
anz,2016-06-21,anz,
ao,1985-01-01,ao,
aol,2016-11-04,aol,
apartments,2015-02-10,apartments,
app,2015-07-02,app,
apple,2015-11-03,apple,
aq,1985-01-01,aq,
aquarelle,2014-12-02,aquarelle,
ar,1985-01-01,ar,
arab,2017-05-23,arab,
aramco,2015-10-15,aramco,
archi,2014-03-31,archi,
army,2014-06-04,army,
arpa,1985-01-01,arpa,
art,2016-06-23,art,
arte,2015-10-20,arte,
as,1985-01-01,as,
asda,2016-08-14,asda,
asia,2007-05-02,asia,
associates,2014-04-11,associates,
at,1985-01-01,at,
athleta,2016-08-04,athleta,
attorney,2014-05-31,attorney,
au,1985-01-01,au,
auction,2014-07-18,auction,
audi,2015-11-25,audi,
audible,2016-06-07,audible,
audio,2014-05-15,audio,
auspost,2016-08-17,auspost,
author,2015-12-05,author,
auto,2015-05-02,auto,
autos,2014-05-22,autos,
avianca,2016-03-09,avianca,
aw,1985-01-01,aw,
aws,2016-03-25,aws,
ax,1985-01-01,ax,
axa,2014-03-19,axa,
az,1985-01-01,az,
azure,2015-06-06,azure,
ba,1985-01-01,ba,
baby,2016-04-08,baby,
baidu,2016-01-05,baidu,
banamex,2016-07-28,banamex,
bananarepublic,2016-08-04,bananarepublic,
band,2014-10-15,band,
bank,2015-01-09,bank,
bar,2014-02-27,bar,
barcelona,2015-07-08,barcelona,
barclaycard,2015-01-24,barclaycard,
barclays,2015-01-24,barclays,
barefoot,2016-03-24,barefoot,
bargains,2014-01-23,bargains,
baseball,2016-10-30,baseball,
basketball,2016-10-19,basketball,
bauhaus,2015-04-05,bauhaus,
bayern,2014-05-03,bayern,
bb,1985-01-01,bb,
bbc,2015-03-21,bbc,
bbt,2016-07-15,bbt,
bbva,2015-05-27,bbva,
bcg,2016-03-09,bcg,
bcn,2015-07-08,bcn,
bd,1985-01-01,bd,
be,1985-01-01,be,
beats,2015-11-03,beats,
beauty,2016-07-15,beauty,
beer,2014-05-15,beer,
bentley,2015-07-09,bentley,
berlin,2014-01-08,berlin,
best,2014-02-27,best,
bestbuy,2016-07-19,bestbuy,
bet,2015-07-24,bet,
bf,1985-01-01,bf,
bg,1985-01-01,bg,
bh,1985-01-01,bh,
bharti,2015-06-14,bharti,
bi,1985-01-01,bi,
bible,2015-06-02,bible,
bid,2014-03-02,bid,
bike,2013-11-14,bike,
bing,2015-06-10,bing,
bingo,2015-02-04,bingo,
bio,2014-06-02,bio,
biz,2001-09-25,biz,
bj,1985-01-01,bj,
black,2014-03-27,black,
blackfriday,2014-04-22,blackfriday,
blanco,2016-06-21,blanco,2019-02-13
blockbuster,2016-08-04,blockbuster,
blog,2016-05-18,blog,
bloomberg,2014-11-05,bloomberg,
blue,2014-02-05,blue,
bm,1985-01-01,bm,
bms,2015-09-22,bms,
bmw,2014-06-21,bmw,
bn,1985-01-01,bn,
bnl,2015-06-26,bnl,2019-07-30
bnpparibas,2014-08-14,bnpparibas,
bo,1985-01-01,bo,
boats,2015-02-25,boats,
boehringer,2015-11-25,boehringer,
bofa,2016-08-02,bofa,
bom,2015-09-26,bom,
bond,2015-03-27,bond,
boo,2014-08-30,boo,
book,2015-12-05,book,
booking,2016-07-23,booking,
boots,2015-08-05,boots,2018-04-06
bosch,2015-12-24,bosch,
bostik,2015-11-25,bostik,
boston,2016-11-29,boston,
bot,2015-12-05,bot,
boutique,2014-01-23,boutique,
box,2016-11-11,box,
br,1985-01-01,br,
bradesco,2015-06-26,bradesco,
bridgestone,2015-05-01,bridgestone,
broadway,2015-11-18,broadway,
broker,2015-04-29,broker,
brother,2015-05-12,brother,
brussels,2014-06-18,brussels,
bs,1985-01-01,bs,
bt,1985-01-01,bt,
budapest,2014-09-23,budapest,2022-02-17
bugatti,2015-11-25,bugatti,2022-10-07
build,2014-01-18,build,
builders,2013-12-28,builders,
business,2014-08-22,business,
buy,2015-12-05,buy,
buzz,2013-12-18,buzz,
bv,1985-01-01,bv,
bw,1985-01-01,bw,
by,1985-01-01,by,
bz,1985-01-01,bz,
bzh,2014-06-17,bzh,
ca,1985-01-01,ca,
cab,2013-12-17,cab,
cafe,2015-04-05,cafe,
cal,2014-09-15,cal,
call,2015-12-05,call,
calvinklein,2016-08-04,calvinklein,
cam,2016-06-16,cam,
camera,2013-11-06,camera,
camp,2013-12-17,camp,
cancerresearch,2014-07-03,cancerresearch,2022-10-05
canon,2015-02-04,canon,
capetown,2014-06-19,capetown,
capital,2014-04-11,capital,
capitalone,2016-08-10,capitalone,
car,2015-09-09,car,
caravan,2014-08-15,caravan,
cards,2014-02-11,cards,
care,2014-04-23,care,
career,2014-04-11,career,
careers,2013-12-17,careers,
cars,2015-05-02,cars,
cartier,2014-12-11,cartier,2019-11-14
casa,2014-09-23,casa,
case,2016-10-30,case,
caseih,2016-10-30,caseih,2021-02-19
cash,2014-04-23,cash,
casino,2015-02-19,casino,
cat,2005-12-20,cat,
catering,2014-02-04,catering,
catholic,2016-12-01,catholic,
cba,2015-06-22,cba,
cbn,2015-02-13,cbn,
cbre,2016-07-02,cbre,
cbs,2016-08-04,cbs,
cc,1985-01-01,cc,
cd,1985-01-01,cd,
ceb,2015-08-08,ceb,2020-12-08
center,2013-12-17,center,
ceo,2013-12-28,ceo,
cern,2014-08-16,cern,
cf,1985-01-01,cf,
cfa,2015-05-02,cfa,
cfd,2015-03-13,cfd,
cg,1985-01-01,cg,
ch,1985-01-01,ch,
chanel,2015-08-05,chanel,
channel,2014-09-15,channel,
charity,2018-06-07,charity,
chase,2016-02-27,chase,
chat,2015-02-04,chat,
cheap,2014-01-14,cheap,
chintai,2016-06-07,chintai,
chloe,2015-03-09,chloe,2017-10-06
christmas,2014-02-26,christmas,
chrome,2014-09-15,chrome,
chrysler,2016-07-28,chrysler,2019-11-19
church,2014-05-15,church,
ci,1985-01-01,ci,
cipriani,2015-10-09,cipriani,
circle,2015-12-05,circle,
cisco,2015-05-15,cisco,
citadel,2016-07-23,citadel,
citi,2016-07-28,citi,
citic,2014-04-29,citic,
city,2014-07-10,city,
cityeats,2015-11-10,cityeats,
ck,1985-01-01,ck,
cl,1985-01-01,cl,
claims,2014-05-07,claims,
cleaning,2014-02-04,cleaning,
click,2014-08-16,click,
clinic,2014-04-22,clinic,
clinique,2015-12-28,clinique,
clothing,2013-11-06,clothing,
cloud,2015-06-26,cloud,
club,2014-01-18,club,
clubmed,2015-10-02,clubmed,
cm,1985-01-01,cm,
cn,1985-01-01,cn,
co,1985-01-01,co,
coach,2014-11-26,coach,
codes,2013-12-28,codes,
coffee,2013-12-28,coffee,
college,2014-04-10,college,
cologne,2014-03-19,cologne,
com,1985-01-01,com,
comcast,2016-07-07,comcast,
commbank,2015-06-22,commbank,
community,2014-01-25,community,
company,2013-12-17,company,
compare,2016-01-15,compare,
computer,2013-12-17,computer,
comsec,2015-11-16,comsec,
condos,2014-02-11,condos,
construction,2013-11-14,construction,
consulting,2014-04-01,consulting,
contact,2015-12-22,contact,
contractors,2013-11-14,contractors,
cooking,2014-03-31,cooking,
cookingchannel,2016-06-23,cookingchannel,
cool,2014-01-23,cool,
coop,2001-12-20,coop,
corsica,2015-05-16,corsica,
country,2014-03-31,country,
coupon,2016-02-19,coupon,
coupons,2015-05-13,coupons,
courses,2015-02-25,courses,
cpa,2019-09-20,cpa,
cr,1985-01-01,cr,
credit,2014-05-07,credit,
creditcard,2014-04-29,creditcard,
creditunion,2015-11-10,creditunion,
cricket,2014-11-17,cricket,
crown,2015-06-19,crown,
crs,2014-10-15,crs,
cruise,2016-11-12,cruise,
cruises,2014-02-04,cruises,
csc,2015-09-01,csc,2022-02-01
cu,1985-01-01,cu,
cuisinella,2014-07-03,cuisinella,
cv,1985-01-01,cv,
cw,1985-01-01,cw,
cx,1985-01-01,cx,
cy,1985-01-01,cy,
cymru,2014-08-08,cymru,
cyou,2015-04-03,cyou,
cz,1985-01-01,cz,
dabur,2015-01-24,dabur,
dad,2014-08-30,dad,
dance,2014-01-14,dance,
data,2016-12-20,data,
date,2015-03-25,date,
dating,2014-01-25,dating,
datsun,2015-03-04,datsun,
day,2014-08-30,day,
dclk,2015-01-24,dclk,
dds,2016-05-11,dds,
de,1985-01-01,de,
deal,2016-06-07,deal,
dealer,2015-12-24,dealer,
deals,2014-07-10,deals,
degree,2014-05-30,degree,
delivery,2014-11-01,delivery,
dell,2015-10-14,dell,
deloitte,2016-01-29,deloitte,
delta,2015-07-11,delta,
democrat,2014-01-14,democrat,
dental,2014-04-23,dental,
dentist,2014-05-31,dentist,
desi,2014-04-10,desi,
design,2015-01-24,design,
dev,2014-12-18,dev,
dhl,2016-06-02,dhl,
diamonds,2013-11-19,diamonds,
diet,2014-08-16,diet,
digital,2014-05-07,digital,
direct,2014-07-02,direct,
directory,2013-11-19,directory,
discount,2014-04-23,discount,
discover,2016-07-28,discover,
dish,2016-08-10,dish,
diy,2016-08-25,diy,
dj,1985-01-01,dj,
dk,1985-01-01,dk,
dm,1985-01-01,dm,
dnp,2014-03-11,dnp,
do,1985-01-01,do,
docs,2014-12-18,docs,
doctor,2016-07-21,doctor,
dodge,2016-08-04,dodge,2019-11-19
dog,2015-04-29,dog,
doha,2015-03-25,doha,2019-04-09
domains,2013-12-17,domains,
doosan,2014-12-13,doosan,2016-02-24
dot,2016-05-18,dot,
download,2015-03-25,download,
drive,2015-06-20,drive,
dstv,null,dstv,
dtv,2016-05-27,dtv,
dubai,2016-01-07,dubai,
duck,2016-07-21,duck,2021-12-03
dunlop,2016-06-10,dunlop,
duns,2016-07-23,duns,2019-08-30
dupont,2016-06-10,dupont,
durban,2014-06-19,durban,
dvag,2014-09-27,dvag,
dvr,2016-09-30,dvr,
dwg,null,dwg,
dz,1985-01-01,dz,
earth,2015-05-14,earth,
eat,2014-08-30,eat,
ec,1985-01-01,ec,
eco,2016-08-28,eco,
edeka,2016-01-21,edeka,
edu,1985-01-01,edu,
education,2013-12-28,education,
ee,1985-01-01,ee,
eg,1985-01-01,eg,
email,2014-01-02,email,
emerck,2014-10-22,emerck,
emerson,null,emerson,
energy,2014-11-01,energy,
engineer,2014-06-04,engineer,
engineering,2014-04-11,engineering,
enterprises,2013-11-19,enterprises,
epost,2016-06-07,epost,2019-02-15
epson,2015-03-03,epson,
equipment,2013-11-06,equipment,
er,1985-01-01,er,
ericsson,2016-06-10,ericsson,
erni,2015-03-12,erni,
es,1985-01-01,es,
esq,2014-08-29,esq,
estate,2013-11-14,estate,
esurance,2016-07-23,esurance,2020-05-26
et,1985-01-01,et,
etisalat,2017-06-01,etisalat,
eu,1985-01-01,eu,
eurovision,2014-12-06,eurovision,
eus,2014-04-11,eus,
events,2014-02-04,events,
everbank,2014-11-26,everbank,2019-11-14
exchange,2014-04-23,exchange,
expert,2014-01-23,expert,
exposed,2014-02-04,exposed,
express,2015-04-05,express,
extraspace,2016-03-25,extraspace,
fage,2015-08-08,fage,
fail,2014-04-23,fail,
fairwinds,2015-11-13,fairwinds,
faith,2015-03-25,faith,
family,2015-08-11,family,
fan,2015-03-16,fan,
fans,2015-02-19,fans,
farm,2013-12-28,farm,
farmers,2016-06-25,farmers,
fashion,2014-12-06,fashion,
fast,2015-12-05,fast,
fedex,2016-06-25,fedex,
feedback,2014-04-10,feedback,
ferrari,2016-08-02,ferrari,
ferrero,2015-11-07,ferrero,
fi,1985-01-01,fi,
fiat,2016-08-02,fiat,
fidelity,2016-08-04,fidelity,
fido,2016-09-20,fido,
film,2015-03-24,film,
final,2015-09-26,final,
finance,2014-04-29,finance,
financial,2014-04-23,financial,
fire,2016-06-07,fire,
firestone,2015-12-05,firestone,
firmdale,2014-11-20,firmdale,
fish,2014-02-21,fish,
fishing,2014-03-31,fishing,
fit,2015-01-09,fit,
fitness,2014-04-22,fitness,
fj,1985-01-01,fj,
fk,1985-01-01,fk,
flickr,2016-02-13,flickr,
flights,2014-02-04,flights,
flir,2016-05-10,flir,
florist,2013-12-28,florist,
flowers,2014-12-25,flowers,
flsmidth,2014-10-15,flsmidth,2016-07-29
fly,2014-09-15,fly,
fm,1985-01-01,fm,
fo,1985-01-01,fo,
foo,2014-04-19,foo,
food,2016-11-10,food,
foodnetwork,2016-06-23,foodnetwork,
football,2015-02-19,football,
ford,2015-12-18,ford,
forex,2015-03-12,forex,
forsale,2014-10-01,forsale,
forum,2015-07-01,forum,
foundation,2014-02-11,foundation,
fox,2015-12-24,fox,
fr,1985-01-01,fr,
free,2016-11-08,free,
fresenius,2016-01-09,fresenius,
frl,2014-08-30,frl,
frogans,2014-04-19,frogans,
frontdoor,2016-06-23,frontdoor,
frontier,2016-02-06,frontier,
ftr,2016-04-17,ftr,
fujitsu,2016-07-07,fujitsu,
fujixerox,2016-07-15,fujixerox,2021-03-26
fun,2016-12-21,fun,
fund,2014-04-23,fund,
furniture,2014-04-23,furniture,
futbol,2014-02-11,futbol,
fyi,2015-05-22,fyi,
ga,1985-01-01,ga,
gal,2014-04-11,gal,
gallery,2013-11-14,gallery,
gallo,2016-03-22,gallo,
gallup,2016-02-11,gallup,
game,2015-07-08,game,
games,2016-06-02,games,
gap,2016-08-04,gap,
garden,2014-12-13,garden,
gay,2019-08-09,gay,
gb,1985-01-01,gb,
gbiz,2014-08-27,gbiz,
gd,1985-01-01,gd,
gdn,2015-02-13,gdn,
ge,1985-01-01,ge,
gea,2015-08-28,gea,
gent,2014-07-12,gent,
genting,2015-06-20,genting,
george,2016-08-18,george,
gf,1985-01-01,gf,
gg,1985-01-01,gg,
ggee,2014-12-25,ggee,
gh,1985-01-01,gh,
gi,1985-01-01,gi,
gift,2014-01-18,gift,
gifts,2014-08-08,gifts,
gives,2014-06-04,gives,
giving,2015-08-06,giving,
gl,1985-01-01,gl,
glade,2016-07-28,glade,2021-12-03
glass,2013-12-28,glass,
gle,2014-09-15,gle,
global,2014-06-11,global,
globo,2014-05-03,globo,
gm,1985-01-01,gm,
gmail,2014-08-27,gmail,
gmbh,2016-03-09,gmbh,
gmo,2014-05-03,gmo,
gmx,2014-09-05,gmx,
gn,1985-01-01,gn,
godaddy,2016-07-07,godaddy,
gold,2015-03-24,gold,
goldpoint,2015-02-19,goldpoint,
golf,2015-03-24,golf,
goo,2015-03-03,goo,
goodhands,2016-07-14,goodhands,2018-09-20
goodyear,2016-06-10,goodyear,
goog,2015-01-24,goog,
google,2014-09-15,google,
gop,2014-04-04,gop,
got,2015-12-05,got,
gotv,null,gotv,
gov,1985-01-01,gov,
gp,1985-01-01,gp,
gq,1985-01-01,gq,
gr,1985-01-01,gr,
grainger,2015-11-13,grainger,
graphics,2013-11-14,graphics,
gratis,2014-04-23,gratis,
green,2014-06-19,green,
gripe,2014-04-11,gripe,
grocery,2017-06-28,grocery,
group,2015-08-08,group,
gs,1985-01-01,gs,
gt,1985-01-01,gt,
gu,1985-01-01,gu,
guardian,2016-05-13,guardian,
gucci,2015-10-27,gucci,
guge,2015-03-24,guge,
guide,2014-05-15,guide,
guitars,2014-01-18,guitars,
guru,2013-11-06,guru,
gw,1985-01-01,gw,
gy,1985-01-01,gy,
hair,2016-12-02,hair,
hamburg,2014-06-04,hamburg,
hangout,2015-01-24,hangout,
haus,2014-03-31,haus,
hbo,2016-08-14,hbo,
hdfc,2016-08-16,hdfc,
hdfcbank,2016-02-11,hdfcbank,
health,2016-01-26,health,
healthcare,2014-07-30,healthcare,
help,2014-08-16,help,
helsinki,2016-01-26,helsinki,
here,2014-08-29,here,
hermes,2015-01-24,hermes,
hgtv,2016-06-23,hgtv,
hiphop,2014-05-15,hiphop,
hisamitsu,2016-06-02,hisamitsu,
hitachi,2015-05-01,hitachi,
hiv,2014-05-31,hiv,
hk,1985-01-01,hk,
hkt,2016-05-12,hkt,
hm,1985-01-01,hm,
hn,1985-01-01,hn,
hockey,2015-05-07,hockey,
holdings,2013-11-06,holdings,
holiday,2013-12-28,holiday,
homedepot,2015-06-04,homedepot,
homegoods,2016-07-15,homegoods,
homes,2014-05-22,homes,
homesense,2016-07-15,homesense,
honda,2015-04-30,honda,
honeywell,2016-07-26,honeywell,2019-06-06
horse,2014-03-31,horse,
hospital,2016-12-09,hospital,
host,2014-05-31,host,
hosting,2014-08-16,hosting,
hot,2016-08-10,hot,
hoteles,2015-06-26,hoteles,
hotels,2017-04-07,hotels,
hotmail,2015-06-10,hotmail,
house,2013-12-28,house,
how,2014-08-16,how,
hr,1985-01-01,hr,
hsbc,2015-07-10,hsbc,
ht,1985-01-01,ht,
htc,2016-04-02,htc,2017-10-24
hu,1985-01-01,hu,
hughes,2016-08-10,hughes,
hyatt,2016-07-28,hyatt,
hyundai,2015-09-26,hyundai,
ibm,2014-10-01,ibm,
icbc,2015-05-13,icbc,
ice,2015-07-22,ice,
icu,2015-05-02,icu,
id,1985-01-01,id,
ie,1985-01-01,ie,
ieee,2016-07-21,ieee,
ifm,2015-01-24,ifm,
iinet,2015-07-09,iinet,2016-12-21
ikano,2016-07-01,ikano,
il,1985-01-01,il,
im,1985-01-01,im,
imamat,2016-04-16,imamat,
imdb,2016-06-07,imdb,
immo,2014-08-27,immo,
immobilien,2014-01-02,immobilien,
in,1985-01-01,in,
inc,2018-07-17,inc,
industries,2014-02-21,industries,
infiniti,2015-03-04,infiniti,
info,2001-09-19,info,
ing,2014-08-30,ing,
ink,2014-03-11,ink,
institute,2013-12-28,institute,
insurance,2015-12-03,insurance,
insure,2014-04-29,insure,
int,1985-01-01,int,
intel,2016-07-28,intel,2020-10-07
international,2013-12-28,international,
intuit,2016-07-12,intuit,
investments,2014-04-23,investments,
io,1985-01-01,io,
ipiranga,2015-07-26,ipiranga,
iq,1985-01-01,iq,
ir,1985-01-01,ir,
irish,2014-12-02,irish,
is,1985-01-01,is,
iselect,2016-01-15,iselect,2019-08-05
ismaili,2016-04-16,ismaili,
ist,2015-07-11,ist,
istanbul,2015-07-11,istanbul,
it,1985-01-01,it,
itau,2015-07-22,itau,
itv,2016-06-21,itv,
iveco,2016-10-30,iveco,2021-04-21
iwc,2014-12-13,iwc,2018-06-28
jaguar,2015-10-27,jaguar,
java,2015-03-03,java,
jcb,2015-01-23,jcb,
jcp,2016-03-30,jcp,2020-11-20
je,1985-01-01,je,
jeep,2016-07-28,jeep,
jetzt,2014-03-15,jetzt,
jewelry,2015-04-16,jewelry,
jio,2016-11-15,jio,
jlc,2015-06-10,jlc,2018-09-18
jll,2015-05-22,jll,
jm,1985-01-01,jm,
jmp,2015-12-18,jmp,
jnj,2016-04-08,jnj,
jo,1985-01-01,jo,
jobs,2005-09-09,jobs,
joburg,2014-06-19,joburg,
jot,2015-12-05,jot,
joy,2015-12-05,joy,
jp,1985-01-01,jp,
jpmorgan,2016-02-27,jpmorgan,
jprs,2015-07-08,jprs,
juegos,2014-05-15,juegos,
juniper,2016-08-02,juniper,
kaufen,2013-12-28,kaufen,
kddi,2015-01-09,kddi,
ke,1985-01-01,ke,
kerryhotels,2016-03-05,kerryhotels,
kerrylogistics,2016-03-05,kerrylogistics,
kerryproperties,2016-03-05,kerryproperties,
kfh,2015-12-15,kfh,
kg,1985-01-01,kg,
kh,1985-01-01,kh,
ki,1985-01-01,ki,
kia,2015-09-26,kia,
kids,2022-04-04,kids,
kim,2014-01-23,kim,
kinder,2015-10-09,kinder,
kindle,2016-06-07,kindle,
kitchen,2013-11-19,kitchen,
kiwi,2014-01-03,kiwi,
km,1985-01-01,km,
kn,1985-01-01,kn,
koeln,2014-03-05,koeln,
komatsu,2015-03-26,komatsu,
kosher,2016-06-10,kosher,
kp,1985-01-01,kp,
kpmg,2016-04-05,kpmg,
kpn,2015-12-15,kpn,
kr,1985-01-01,kr,
krd,2014-07-18,krd,
kred,2014-02-27,kred,
kuokgroup,2016-03-05,kuokgroup,
kw,1985-01-01,kw,
ky,1985-01-01,ky,
kyknet,null,kyknet,
kyoto,2015-01-28,kyoto,
kz,1985-01-01,kz,
la,1985-01-01,la,
lacaixa,2014-07-18,lacaixa,
ladbrokes,2016-07-29,ladbrokes,2019-11-19
lamborghini,2015-11-25,lamborghini,
lamer,2015-12-24,lamer,
lancaster,2015-07-15,lancaster,
lancia,2016-08-04,lancia,
lancome,2016-07-15,lancome,2019-11-28
land,2013-11-14,land,
landrover,2015-10-27,landrover,
lanxess,2016-01-26,lanxess,
lasalle,2015-06-11,lasalle,
lat,2015-01-09,lat,
latino,2016-08-04,latino,
latrobe,2014-12-02,latrobe,
law,2015-06-26,law,
lawyer,2014-05-31,lawyer,
lb,1985-01-01,lb,
lc,1985-01-01,lc,
lds,2014-11-19,lds,
lease,2014-04-11,lease,
leclerc,2015-03-03,leclerc,
lefrak,2016-07-14,lefrak,
legal,2014-11-26,legal,
lego,2016-06-16,lego,
lexus,2015-07-26,lexus,
lgbt,2014-07-18,lgbt,
li,1985-01-01,li,
liaison,2015-05-02,liaison,2020-01-04
lidl,2014-12-13,lidl,
life,2014-05-15,life,
lifeinsurance,2016-01-19,lifeinsurance,
lifestyle,2015-11-10,lifestyle,
lighting,2013-11-06,lighting,
like,2015-12-05,like,
lilly,2016-07-31,lilly,
limited,2014-04-23,limited,
limo,2013-12-17,limo,
lincoln,2015-12-18,lincoln,
linde,2015-09-16,linde,
link,2014-01-18,link,
lipsy,2016-05-03,lipsy,
live,2015-07-08,live,
living,2015-12-28,living,
lixil,2015-07-30,lixil,2021-12-29
lk,1985-01-01,lk,
llc,2018-02-22,llc,
llp,2019-12-05,llp,
loan,2015-03-25,loan,
loans,2014-05-15,loans,
locker,2016-05-27,locker,
locus,2016-03-09,locus,
loft,2016-08-04,loft,2022-12-17
lol,2015-05-02,lol,
london,2014-03-22,london,
lotte,2015-01-14,lotte,
lotto,2014-06-19,lotto,
love,2015-04-02,love,
lpl,2016-07-19,lpl,
lplfinancial,2016-07-19,lplfinancial,
lr,1985-01-01,lr,
ls,1985-01-01,ls,
lt,1985-01-01,lt,
ltd,2015-09-23,ltd,
ltda,2014-08-16,ltda,
lu,1985-01-01,lu,
lundbeck,2016-07-15,lundbeck,
lupin,2015-05-16,lupin,2020-12-10
luxe,2014-05-15,luxe,
luxury,2014-01-18,luxury,
lv,1985-01-01,lv,
ly,1985-01-01,ly,
ma,1985-01-01,ma,
macys,2016-07-12,macys,2023-03-07
madrid,2014-11-20,madrid,
maif,2015-03-03,maif,
maison,2014-02-11,maison,
makeup,2016-01-15,makeup,
man,2015-07-26,man,
management,2013-12-17,management,
mango,2014-02-16,mango,
map,2017-06-29,map,
market,2014-05-31,market,
marketing,2014-01-14,marketing,
markets,2015-03-12,markets,
marriott,2015-01-14,marriott,
marshalls,2016-07-15,marshalls,
maserati,2016-08-04,maserati,
mattel,2016-05-28,mattel,
mba,2015-05-22,mba,
mc,1985-01-01,mc,
mcd,2016-08-08,mcd,2017-08-31
mcdonalds,2016-08-08,mcdonalds,2017-08-31
mckinsey,2016-07-31,mckinsey,
md,1985-01-01,md,
me,1985-01-01,me,
med,2015-12-03,med,
media,2014-04-11,media,
meet,2014-03-27,meet,
melbourne,2014-07-10,melbourne,
meme,2014-08-30,meme,
memorial,2014-11-26,memorial,
men,2015-05-20,men,
menu,2013-11-30,menu,
meo,2015-10-29,meo,2018-05-26
merckmsd,2017-07-10,merckmsd,
metlife,2016-05-11,metlife,2020-09-07
mg,1985-01-01,mg,
mh,1985-01-01,mh,
miami,2014-03-31,miami,
microsoft,2015-06-10,microsoft,
mil,1985-01-01,mil,
mini,2014-06-24,mini,
mint,2016-07-12,mint,
mit,2016-07-06,mit,
mitsubishi,2016-07-07,mitsubishi,
mk,1985-01-01,mk,
ml,1985-01-01,ml,
mlb,2016-05-25,mlb,
mls,2016-04-20,mls,
mm,1985-01-01,mm,
mma,2015-03-31,mma,
mn,1985-01-01,mn,
mnet,null,mnet,
mo,1985-01-01,mo,
mobi,2005-10-20,mobi,
mobile,2016-12-20,mobile,
mobily,2015-12-23,mobily,2019-09-09
moda,2014-01-14,moda,
moe,2014-03-31,moe,
moi,2015-10-07,moi,
mom,2015-08-19,mom,
monash,2014-01-18,monash,
money,2014-11-26,money,
monster,2016-09-14,monster,
montblanc,2015-06-05,montblanc,2017-09-01
mopar,2016-08-02,mopar,2019-11-19
mormon,2014-11-19,mormon,
mortgage,2014-05-31,mortgage,
moscow,2014-04-24,moscow,
moto,2016-11-12,moto,
motorcycles,2014-05-22,motorcycles,
mov,2014-08-30,mov,
movie,2015-03-25,movie,
movistar,2015-06-26,movistar,2019-12-23
mp,1985-01-01,mp,
mq,1985-01-01,mq,
mr,1985-01-01,mr,
ms,1985-01-01,ms,
msd,2016-07-23,msd,
mt,1985-01-01,mt,
mtn,2015-03-25,mtn,
mtpc,2015-03-04,mtpc,2017-05-15
mtr,2015-10-07,mtr,
mu,1985-01-01,mu,
multichoice,null,multichoice,
museum,2001-11-01,museum,
music,2021-10-29,music,
mutual,2016-04-05,mutual,
mutuelle,2015-10-23,mutuelle,2016-12-21
mv,1985-01-01,mv,
mw,1985-01-01,mw,
mx,1985-01-01,mx,
my,1985-01-01,my,
mz,1985-01-01,mz,
mzansimagic,null,mzansimagic,
na,1985-01-01,na,
nab,2016-08-18,nab,
nadex,2015-05-02,nadex,2020-03-27
nagoya,2014-01-29,nagoya,
name,2002-01-04,name,
naspers,null,naspers,
nationwide,2016-07-15,nationwide,2021-04-16
natura,2016-02-11,natura,
navy,2014-06-04,navy,
nba,2016-08-02,nba,
nc,1985-01-01,nc,
ne,1985-01-01,ne,
nec,2015-05-09,nec,
net,1985-01-01,net,
netbank,2015-06-22,netbank,
netflix,2016-05-28,netflix,
network,2014-08-22,network,
neustar,2014-02-19,neustar,
new,2014-08-30,new,
newholland,2016-10-30,newholland,2021-02-19
news,2015-03-21,news,
next,2016-05-03,next,
nextdirect,2016-05-03,nextdirect,
nexus,2014-09-15,nexus,
nf,1985-01-01,nf,
nfl,2016-06-23,nfl,
ng,1985-01-01,ng,
ngo,2014-07-18,ngo,
nhk,2014-06-04,nhk,
ni,1985-01-01,ni,
nico,2015-02-10,nico,
nike,2016-07-09,nike,
nikon,2016-01-28,nikon,
ninja,2013-12-28,ninja,
nissan,2015-03-04,nissan,
nissay,2016-03-30,nissay,
nl,1985-01-01,nl,
no,1985-01-01,no,
nokia,2015-07-15,nokia,
northwesternmutual,2016-04-06,northwesternmutual,
norton,2015-12-03,norton,
now,2016-06-07,now,
nowruz,2015-12-05,nowruz,
nowtv,2016-05-11,nowtv,
np,1985-01-01,np,
nr,1985-01-01,nr,
nra,2014-07-18,nra,
nrw,2014-07-11,nrw,
ntt,2015-02-03,ntt,
nu,1985-01-01,nu,
nyc,2014-03-20,nyc,
nz,1985-01-01,nz,
obi,2015-09-23,obi,
observer,2016-09-27,observer,
off,2016-07-21,off,2021-12-03
office,2015-06-23,office,
okinawa,2014-03-02,okinawa,
olayan,2016-05-03,olayan,
olayangroup,2016-05-06,olayangroup,
oldnavy,2016-08-04,oldnavy,
ollo,2016-05-27,ollo,
om,1985-01-01,om,
omega,2015-06-26,omega,
one,2015-01-22,one,
ong,2014-07-27,ong,
onion,2015-02-18,onion,
onl,2013-12-28,onl,
online,2015-03-16,online,
onyourside,2016-07-15,onyourside,2021-04-16
ooo,2014-08-16,ooo,
open,2016-08-08,open,
oracle,2015-03-03,oracle,
orange,2015-07-09,orange,
org,1985-01-01,org,
organic,2014-06-13,organic,
orientexpress,2016-06-22,orientexpress,2017-04-14
origins,2015-12-24,origins,
osaka,2014-12-13,osaka,
otsuka,2014-08-27,otsuka,
ott,2016-05-27,ott,
ovh,2014-06-19,ovh,
pa,1985-01-01,pa,
page,2015-03-16,page,
pamperedchef,2016-01-21,pamperedchef,2017-09-20
panasonic,2016-07-15,panasonic,
panerai,2015-03-25,panerai,2018-09-18
paris,2014-04-19,paris,
pars,2015-12-07,pars,
partners,2014-02-04,partners,
parts,2014-02-11,parts,
party,2014-11-17,party,
passagens,2016-03-02,passagens,
pay,2016-08-10,pay,
payu,null,payu,
pccw,2016-05-11,pccw,
pe,1985-01-01,pe,
pet,2015-07-26,pet,
pf,1985-01-01,pf,
pfizer,2016-07-15,pfizer,
pg,1985-01-01,pg,
ph,1985-01-01,ph,
pharmacy,2014-09-05,pharmacy,
phd,2017-06-29,phd,
philips,2015-05-09,philips,
phone,2016-12-20,phone,
photo,2014-01-18,photo,
photography,2013-11-19,photography,
photos,2013-12-17,photos,
physio,2014-06-19,physio,
piaget,2015-03-16,piaget,2019-11-14
pics,2014-01-18,pics,
pictet,2015-03-07,pictet,
pictures,2014-04-11,pictures,
pid,2015-12-22,pid,
pin,2015-12-05,pin,
ping,2015-10-29,ping,
pink,2014-01-18,pink,
pioneer,2016-06-02,pioneer,
pizza,2014-08-27,pizza,
pk,1985-01-01,pk,
pl,1985-01-01,pl,
place,2014-07-02,place,
play,2015-06-20,play,
playstation,2015-11-07,playstation,
plumbing,2013-11-14,plumbing,
plus,2015-03-24,plus,
pm,1985-01-01,pm,
pn,1985-01-01,pn,
pnc,2016-07-01,pnc,
pohl,2014-09-27,pohl,
poker,2014-10-15,poker,
politie,2016-06-23,politie,
porn,2014-12-06,porn,
post,2012-08-07,post,
pr,1985-01-01,pr,
pramerica,2016-07-28,pramerica,
praxi,2014-07-22,praxi,
press,2014-05-31,press,
prime,2016-06-07,prime,
pro,2004-05-27,pro,
prod,2014-08-29,prod,
productions,2014-02-11,productions,
prof,2014-09-15,prof,
progressive,2016-04-20,progressive,
promo,2015-12-31,promo,
properties,2014-02-04,properties,
property,2014-08-16,property,
protection,2015-09-13,protection,
pru,2016-07-28,pru,
prudential,2016-07-28,prudential,
ps,1985-01-01,ps,
pt,1985-01-01,pt,
pub,2014-02-26,pub,
pw,1985-01-01,pw,
pwc,2016-02-11,pwc,
py,1985-01-01,py,
qa,1985-01-01,qa,
qpon,2014-02-12,qpon,
quebec,2014-04-16,quebec,
quest,2016-02-06,quest,
qvc,2016-08-04,qvc,2021-10-07
racing,2015-04-03,racing,
radio,2016-10-12,radio,
raid,2016-07-21,raid,2021-12-03
re,1985-01-01,re,
read,2015-12-05,read,
realestate,2016-05-23,realestate,
realtor,2014-07-30,realtor,
realty,2015-07-01,realty,
recipes,2013-12-17,recipes,
red,2014-01-18,red,
redstone,2015-03-28,redstone,
redumbrella,2015-12-11,redumbrella,
rehab,2014-06-04,rehab,
reise,2014-05-22,reise,
reisen,2014-04-11,reisen,
reit,2014-11-12,reit,
reliance,2016-11-15,reliance,
ren,2014-03-27,ren,
rent,2015-04-30,rent,
rentals,2014-02-04,rentals,
repair,2013-12-28,repair,
report,2014-02-04,report,
republican,2014-06-04,republican,
rest,2014-04-02,rest,
restaurant,2014-08-08,restaurant,
review,2015-03-25,review,
reviews,2014-02-11,reviews,
rexroth,2015-12-24,rexroth,
rich,2014-01-18,rich,
richardli,2016-05-11,richardli,
ricoh,2015-06-22,ricoh,
rightathome,2016-07-21,rightathome,2020-07-28
ril,2016-11-15,ril,
rio,2014-05-22,rio,
rip,2014-10-15,rip,
rmit,2016-11-24,rmit,2021-09-27
ro,1985-01-01,ro,
rocher,2015-11-07,rocher,
rocks,2014-04-10,rocks,
rodeo,2014-03-31,rodeo,
rogers,2016-09-20,rogers,
room,2015-12-05,room,
rs,1985-01-01,rs,
rsvp,2014-08-30,rsvp,
ru,1985-01-01,ru,
rugby,2017-04-07,rugby,
ruhr,2013-12-10,ruhr,
run,2015-05-07,run,
rw,1985-01-01,rw,
rwe,2015-10-27,rwe,
ryukyu,2014-04-03,ryukyu,
sa,1985-01-01,sa,
saarland,2014-04-02,saarland,
safe,2015-12-05,safe,
safety,2015-12-24,safety,
sakura,2015-07-02,sakura,
sale,2014-12-25,sale,
salon,2015-12-05,salon,
samsclub,2016-08-18,samsclub,
samsung,2014-12-10,samsung,
sandvik,2015-05-27,sandvik,
sandvikcoromant,2015-05-27,sandvikcoromant,
sanofi,2015-07-24,sanofi,
sap,2015-03-26,sap,
sapo,2015-10-29,sapo,2018-05-26
sarl,2014-08-08,sarl,
sas,2015-12-18,sas,
save,2016-06-07,save,
saxo,2015-02-10,saxo,
sb,1985-01-01,sb,
sbi,2016-04-16,sbi,
sbs,2015-10-29,sbs,
sc,1985-01-01,sc,
sca,2014-08-14,sca,
scb,2014-07-11,scb,
schaeffler,2015-12-24,schaeffler,
schmidt,2014-07-03,schmidt,
scholarships,2015-04-02,scholarships,
school,2015-02-19,school,
schule,2014-04-22,schule,
schwarz,2014-12-13,schwarz,
science,2014-11-15,science,
scjohnson,2016-07-21,scjohnson,2021-12-03
scor,2015-06-23,scor,2020-05-27
scot,2014-06-13,scot,
sd,1985-01-01,sd,
se,1985-01-01,se,
search,2017-06-29,search,
seat,2015-04-18,seat,
secure,2016-08-10,secure,
security,2015-09-17,security,
seek,2015-08-11,seek,
select,2016-01-15,select,
sener,2015-05-01,sener,
services,2014-04-11,services,
ses,2016-07-09,ses,2022-12-16
seven,2015-09-26,seven,
sew,2014-12-13,sew,
sex,2015-04-18,sex,
sexy,2013-11-14,sexy,
sfr,2015-12-01,sfr,
sg,1985-01-01,sg,
sh,1985-01-01,sh,
shangrila,2016-07-02,shangrila,
sharp,2015-12-05,sharp,
shaw,2016-03-22,shaw,
shell,2015-12-15,shell,
shia,2015-12-05,shia,
shiksha,2014-01-18,shiksha,
shoes,2013-12-17,shoes,
shop,2016-05-23,shop,
shopping,2016-06-21,shopping,
shouji,2016-03-30,shouji,
show,2015-04-16,show,
showtime,2016-08-04,showtime,
shriram,2014-12-30,shriram,2020-11-24
si,1985-01-01,si,
silk,2016-06-07,silk,
sina,2016-03-30,sina,
singles,2013-11-06,singles,
site,2015-03-16,site,
sj,1985-01-01,sj,
sk,1985-01-01,sk,
ski,2015-05-30,ski,
skin,2016-01-15,skin,
sky,2014-12-12,sky,
skype,2015-06-23,skype,
sl,1985-01-01,sl,
sling,2016-08-10,sling,
sm,1985-01-01,sm,
smart,2016-07-15,smart,
smile,2015-12-05,smile,
sn,1985-01-01,sn,
sncf,2015-06-03,sncf,
so,1985-01-01,so,
soccer,2015-05-13,soccer,
social,2014-01-14,social,
softbank,2016-01-16,softbank,
software,2014-05-31,software,
sohu,2014-03-25,sohu,
solar,2013-12-28,solar,
solutions,2013-12-28,solutions,
song,2016-02-24,song,
sony,2015-04-16,sony,
soy,2014-04-19,soy,
spa,2020-10-17,spa,
space,2014-05-30,space,
spiegel,2014-07-18,spiegel,2018-12-15
sport,2018-01-10,sport,
spot,2016-02-19,spot,
spreadbetting,2015-03-13,spreadbetting,2021-04-21
sr,1985-01-01,sr,
srl,2015-07-24,srl,
srt,2016-07-28,srt,2019-11-19
ss,1985-01-01,ss,
st,1985-01-01,st,
stada,2015-09-13,stada,
staples,2016-07-15,staples,
star,2015-12-22,star,
starhub,2015-06-22,starhub,2019-08-02
statebank,2016-04-16,statebank,
statefarm,2015-12-24,statefarm,
statoil,2015-06-19,statoil,2018-10-03
stc,2015-08-29,stc,
stcgroup,2015-08-28,stcgroup,
stockholm,2015-09-26,stockholm,
storage,2015-12-18,storage,
store,2016-02-22,store,
stream,2016-03-18,stream,
studio,2015-07-08,studio,
study,2015-02-25,study,
style,2015-02-04,style,
su,1985-01-01,su,
sucks,2015-02-25,sucks,
supersport,null,supersport,
supplies,2014-02-25,supplies,
supply,2014-02-21,supply,
support,2013-12-18,support,
surf,2014-06-18,surf,
surgery,2014-04-23,surgery,
suzuki,2014-07-02,suzuki,
sv,1985-01-01,sv,
swatch,2015-06-26,swatch,
swiftcover,2016-07-21,swiftcover,2021-10-05
swiss,2015-04-29,swiss,
sx,1985-01-01,sx,
sy,1985-01-01,sy,
sydney,2014-11-05,sydney,
symantec,2015-12-03,symantec,2020-07-17
systems,2013-12-17,systems,
sz,1985-01-01,sz,
tab,2015-11-13,tab,
taipei,2014-10-23,taipei,
talk,2016-03-25,talk,
taobao,2016-01-21,taobao,
target,2016-08-04,target,
tatamotors,2015-07-24,tatamotors,
tatar,2014-08-07,tatar,
tattoo,2013-11-14,tattoo,
tax,2014-04-23,tax,
taxi,2015-05-07,taxi,
tc,1985-01-01,tc,
tci,2015-12-05,tci,
td,1985-01-01,td,
tdk,2016-06-07,tdk,
team,2015-04-16,team,
tech,2015-03-21,tech,
technology,2013-11-14,technology,
tel,2007-03-02,tel,
telecity,2016-02-25,telecity,2018-08-19
telefonica,2015-06-26,telefonica,2019-12-23
temasek,2015-01-24,temasek,
tennis,2015-02-04,tennis,
teva,2016-04-13,teva,
tf,1985-01-01,tf,
tg,1985-01-01,tg,
th,1985-01-01,th,
thd,2015-05-22,thd,
theater,2015-05-06,theater,
theatre,2015-09-13,theatre,
theguardian,null,theguardian,
tiaa,2016-07-20,tiaa,
tickets,2015-03-25,tickets,
tienda,2014-01-23,tienda,
tiffany,2016-01-21,tiffany,
tips,2013-11-19,tips,
tires,2014-12-18,tires,
tirol,2014-06-04,tirol,
tj,1985-01-01,tj,
tjmaxx,2016-07-15,tjmaxx,
tjx,2016-07-15,tjx,
tk,1985-01-01,tk,
tkmaxx,2016-07-15,tkmaxx,
tl,1985-01-01,tl,
tm,1985-01-01,tm,
tmall,2016-01-21,tmall,
tn,1985-01-01,tn,
to,1985-01-01,to,
today,2013-11-19,today,
tokyo,2014-01-29,tokyo,
tools,2014-01-23,tools,
top,2014-08-03,top,
toray,2015-05-01,toray,
toshiba,2015-02-04,toshiba,
total,2016-03-09,total,
tours,2015-03-24,tours,
town,2014-04-11,town,
toyota,2015-07-26,toyota,
toys,2014-04-11,toys,
tr,1985-01-01,tr,
trade,2014-03-19,trade,
trading,2015-03-13,trading,
training,2013-12-28,training,
travel,2005-07-21,travel,
travelchannel,2016-06-23,travelchannel,
travelers,2015-12-05,travelers,
travelersinsurance,2015-12-15,travelersinsurance,
trust,2014-12-06,trust,
trv,2015-12-11,trv,
tt,1985-01-01,tt,
tube,2016-01-11,tube,
tui,2014-09-27,tui,
tunes,2016-02-25,tunes,
tushu,2015-12-14,tushu,
tv,1985-01-01,tv,
tvs,2016-02-13,tvs,
tw,1985-01-01,tw,
tz,1985-01-01,tz,
ua,1985-01-01,ua,
ubank,2016-08-18,ubank,
ubs,2015-07-11,ubs,
uconnect,2016-07-28,uconnect,2019-11-19
ug,1985-01-01,ug,
uk,1985-01-01,uk,
unicom,2016-02-04,unicom,
university,2014-04-11,university,
uno,2013-11-30,uno,
uol,2014-08-16,uol,
ups,2016-05-31,ups,
us,1985-01-01,us,
uy,1985-01-01,uy,
uz,1985-01-01,uz,
va,1985-01-01,va,
vacations,2014-02-21,vacations,
vana,2015-11-10,vana,
vanguard,2016-08-28,vanguard,
vc,1985-01-01,vc,
ve,1985-01-01,ve,
vegas,2014-03-31,vegas,
ventures,2013-11-06,ventures,
verisign,2015-11-25,verisign,
versicherung,2014-05-22,versicherung,
vet,2014-05-31,vet,
vg,1985-01-01,vg,
vi,1985-01-01,vi,
viajes,2013-12-17,viajes,
video,2014-12-25,video,
vig,2016-04-06,vig,
viking,2016-02-22,viking,
villas,2014-02-11,villas,
vin,2015-08-05,vin,
vip,2015-11-25,vip,
virgin,2015-10-07,virgin,
visa,2016-07-28,visa,
vision,2014-02-11,vision,
vista,2015-06-22,vista,2018-09-13
vistaprint,2015-06-22,vistaprint,2020-03-13
viva,2015-08-28,viva,
vivo,2016-07-15,vivo,
vlaanderen,2014-06-18,vlaanderen,
vn,1985-01-01,vn,
vodka,2014-03-31,vodka,
volkswagen,2016-01-09,volkswagen,
volvo,2016-10-24,volvo,
vote,2014-03-02,vote,
voting,2014-01-29,voting,
voto,2014-03-02,voto,
voyage,2013-11-06,voyage,
vu,1985-01-01,vu,
vuelos,2016-03-02,vuelos,
wales,2014-08-07,wales,
walmart,2016-08-18,walmart,
walter,2015-05-27,walter,
wang,2014-01-03,wang,
wanggou,2015-12-15,wanggou,
warman,2016-05-03,warman,2019-11-19
watch,2014-01-23,watch,
watches,2015-12-14,watches,
weather,2016-01-12,weather,
weatherchannel,2016-01-28,weatherchannel,
webcam,2014-03-19,webcam,
weber,2015-12-22,weber,
website,2014-05-30,website,
wed,2014-01-23,wed,
wedding,2014-10-15,wedding,
weibo,2016-04-06,weibo,
weir,2015-04-17,weir,
wf,1985-01-01,wf,
whoswho,2014-07-18,whoswho,
wien,2014-01-03,wien,
wiki,2014-02-19,wiki,
williamhill,2014-07-27,williamhill,
win,2015-03-25,win,
windows,2015-06-10,windows,
wine,2015-08-05,wine,
winners,2016-07-15,winners,
wme,2014-09-10,wme,
wolterskluwer,2016-02-11,wolterskluwer,
woodside,2016-06-23,woodside,
work,2014-09-23,work,
works,2014-01-23,works,
world,2014-09-19,world,
wow,2016-09-26,wow,
ws,1985-01-01,ws,
wtc,2014-04-29,wtc,
wtf,2014-04-23,wtf,
xbox,2015-06-04,xbox,
xerox,2015-04-16,xerox,
xfinity,2016-07-07,xfinity,
xihuan,2016-03-30,xihuan,
xin,2015-03-07,xin,
xn--11b4c3d,2015-07-28,xn--11b4c3d,
xn--1ck2e1b,2016-02-19,xn--1ck2e1b,
xn--1qqw23a,2014-08-14,xn--1qqw23a,
xn--2scrj9c,1985-01-01,xn--2scrj9c,
xn--30rr7y,2015-03-31,xn--30rr7y,
xn--3bst00m,2014-01-03,xn--3bst00m,
xn--3ds443g,2014-01-02,xn--3ds443g,
xn--3e0b707e,1985-01-01,xn--3e0b707e,
xn--3hcrj9c,1985-01-01,xn--3hcrj9c,
xn--3oq18vl8pn36a,2016-08-16,xn--3oq18vl8pn36a,2021-10-27
xn--3pxu8k,2015-07-28,xn--3pxu8k,
xn--42c2d9a,2015-07-28,xn--42c2d9a,
xn--45br5cyl,1985-01-01,xn--45br5cyl,
xn--45brj9c,1985-01-01,xn--45brj9c,
xn--45q11c,2014-11-17,xn--45q11c,
xn--4dbrk0ce,1985-01-01,xn--4dbrk0ce,
xn--4gbrim,2014-05-28,xn--4gbrim,
xn--4gq48lf9j,null,xn--4gq48lf9j,
xn--54b7fta0cc,1985-01-01,xn--54b7fta0cc,
xn--55qw42g,2013-12-17,xn--55qw42g,
xn--55qx5d,2014-01-18,xn--55qx5d,
xn--5su34j936bgsg,2016-07-02,xn--5su34j936bgsg,
xn--5tzm5g,2016-04-17,xn--5tzm5g,
xn--6frz82g,2014-02-05,xn--6frz82g,
xn--6qq986b3xl,2014-01-03,xn--6qq986b3xl,
xn--80adxhks,2014-04-24,xn--80adxhks,
xn--80ao21a,1985-01-01,xn--80ao21a,
xn--80aqecdr1a,2016-12-01,xn--80aqecdr1a,
xn--80asehdb,2013-10-23,xn--80asehdb,
xn--80aswg,2013-10-23,xn--80aswg,
xn--8y0a063a,2016-02-06,xn--8y0a063a,
xn--90a3ac,1985-01-01,xn--90a3ac,
xn--90ae,1985-01-01,xn--90ae,
xn--90ais,1985-01-01,xn--90ais,
xn--9dbq2a,2015-07-28,xn--9dbq2a,
xn--9et52u,2015-03-27,xn--9et52u,
xn--9krt00a,2016-04-06,xn--9krt00a,
xn--b4w605ferd,2015-01-24,xn--b4w605ferd,
xn--bck1b9a5dre4c,2016-02-21,xn--bck1b9a5dre4c,
xn--c1avg,2014-03-05,xn--c1avg,
xn--c2br7g,2015-07-28,xn--c2br7g,
xn--cck2b3b,2016-02-19,xn--cck2b3b,
xn--cckwcxetd,2020-06-02,xn--cckwcxetd,
xn--cg4bki,2014-02-21,xn--cg4bki,
xn--clchc0ea0b2g2a9gcd,1985-01-01,xn--clchc0ea0b2g2a9gcd,
xn--czr694b,2014-05-22,xn--czr694b,
xn--czrs0t,2014-12-06,xn--czrs0t,
xn--czru2d,2014-03-31,xn--czru2d,
xn--d1acj3b,2014-02-26,xn--d1acj3b,
xn--d1alf,1985-01-01,xn--d1alf,
xn--e1a4c,1985-01-01,xn--e1a4c,
xn--eckvdtc9d,2015-12-14,xn--eckvdtc9d,
xn--efvy88h,2015-08-24,xn--efvy88h,
xn--estv75g,2015-05-07,xn--estv75g,2020-04-01
xn--fct429k,2016-03-25,xn--fct429k,
xn--fhbei,2015-07-28,xn--fhbei,
xn--fiq228c5hs,2014-01-03,xn--fiq228c5hs,
xn--fiq64b,2014-01-18,xn--fiq64b,
xn--fiqs8s,1985-01-01,xn--fiqs8s,
xn--fiqz9s,1985-01-01,xn--fiqz9s,
xn--fjq720a,2015-05-09,xn--fjq720a,
xn--flw351e,2014-11-20,xn--flw351e,
xn--fpcrj9c3d,1985-01-01,xn--fpcrj9c3d,
xn--fzc2c9e2c,1985-01-01,xn--fzc2c9e2c,
xn--fzys8d69uvgm,2016-05-11,xn--fzys8d69uvgm,
xn--g2xx48c,2016-01-16,xn--g2xx48c,
xn--gckr3f0f,2016-02-19,xn--gckr3f0f,
xn--gecrj9c,1985-01-01,xn--gecrj9c,
xn--gk3at1e,2016-09-30,xn--gk3at1e,
xn--h2breg3eve,1985-01-01,xn--h2breg3eve,
xn--h2brj9c,1985-01-01,xn--h2brj9c,
xn--h2brj9c8c,1985-01-01,xn--h2brj9c8c,
xn--hxt814e,2014-12-02,xn--hxt814e,
xn--i1b6b1a6a2e,2014-03-09,xn--i1b6b1a6a2e,
xn--imr513n,2015-05-30,xn--imr513n,
xn--io0a7i,2014-01-18,xn--io0a7i,
xn--j1aef,2015-07-28,xn--j1aef,
xn--j1amh,1985-01-01,xn--j1amh,
xn--j6w193g,1985-01-01,xn--j6w193g,
xn--jlq480n2rg,2020-06-02,xn--jlq480n2rg,
xn--jlq61u9w7b,2015-12-18,xn--jlq61u9w7b,2022-12-06
xn--jvr189m,2016-02-22,xn--jvr189m,
xn--kcrx77d1x4a,2015-04-07,xn--kcrx77d1x4a,
xn--kprw13d,1985-01-01,xn--kprw13d,
xn--kpry57d,1985-01-01,xn--kpry57d,
xn--kpu716f,2015-12-15,xn--kpu716f,2020-06-26
xn--kput3i,2014-06-17,xn--kput3i,
xn--l1acc,1985-01-01,xn--l1acc,
xn--lgbbat1ad8j,1985-01-01,xn--lgbbat1ad8j,
xn--mgb9awbf,1985-01-01,xn--mgb9awbf,
xn--mgba3a3ejt,2015-10-15,xn--mgba3a3ejt,
xn--mgba3a4f16a,1985-01-01,xn--mgba3a4f16a,
xn--mgba7c0bbn0a,2016-05-03,xn--mgba7c0bbn0a,
xn--mgbaakc7dvf,2017-06-10,xn--mgbaakc7dvf,
xn--mgbaam7a8h,1985-01-01,xn--mgbaam7a8h,
xn--mgbab2bd,2014-02-18,xn--mgbab2bd,
xn--mgbah1a3hjkrd,1985-01-01,xn--mgbah1a3hjkrd,
xn--mgbai9azgqp6j,1985-01-01,xn--mgbai9azgqp6j,
xn--mgbayh7gpa,1985-01-01,xn--mgbayh7gpa,
xn--mgbb9fbpob,2015-12-23,xn--mgbb9fbpob,2019-09-09
xn--mgbbh1a,1985-01-01,xn--mgbbh1a,
xn--mgbbh1a71e,1985-01-01,xn--mgbbh1a71e,
xn--mgbc0a9azcg,1985-01-01,xn--mgbc0a9azcg,
xn--mgbca7dzdo,2016-04-06,xn--mgbca7dzdo,
xn--mgbcpq6gpa1a,1985-01-01,xn--mgbcpq6gpa1a,
xn--mgberp4a5d4ar,1985-01-01,xn--mgberp4a5d4ar,
xn--mgbgu82a,1985-01-01,xn--mgbgu82a,
xn--mgbi4ecexp,2016-12-01,xn--mgbi4ecexp,
xn--mgbpl2fh,1985-01-01,xn--mgbpl2fh,
xn--mgbt3dhd,2015-12-07,xn--mgbt3dhd,
xn--mgbtx2b,1985-01-01,xn--mgbtx2b,
xn--mgbx4cd0ab,1985-01-01,xn--mgbx4cd0ab,
xn--mix891f,1985-01-01,xn--mix891f,
xn--mk1bu44c,2015-07-28,xn--mk1bu44c,
xn--mxtq1m,2015-03-03,xn--mxtq1m,
xn--ngbc5azd,2013-10-23,xn--ngbc5azd,
xn--ngbe9e0a,2015-12-15,xn--ngbe9e0a,
xn--ngbrx,2017-05-23,xn--ngbrx,
xn--node,1985-01-01,xn--node,
xn--nqv7f,2014-03-09,xn--nqv7f,
xn--nqv7fs00ema,2014-03-09,xn--nqv7fs00ema,
xn--nyqy26a,2015-04-02,xn--nyqy26a,
xn--o3cw4h,1985-01-01,xn--o3cw4h,
xn--ogbpf8fl,1985-01-01,xn--ogbpf8fl,
xn--otu796d,2018-01-24,xn--otu796d,
xn--p1acf,2014-09-27,xn--p1acf,
xn--p1ai,1985-01-01,xn--p1ai,
xn--pbt977c,2015-12-15,xn--pbt977c,2020-06-26
xn--pgbs0dh,1985-01-01,xn--pgbs0dh,
xn--pssy2u,2015-07-28,xn--pssy2u,
xn--q7ce6a,1985-01-01,xn--q7ce6a,
xn--q9jyb4c,2013-11-23,xn--q9jyb4c,
xn--qcka1pmc,2014-11-20,xn--qcka1pmc,
xn--qxa6a,1985-01-01,xn--qxa6a,
xn--qxam,1985-01-01,xn--qxam,
xn--rhqv96g,2014-03-12,xn--rhqv96g,
xn--rovu88b,2016-02-19,xn--rovu88b,
xn--rvc1e0am3e,1985-01-01,xn--rvc1e0am3e,
xn--s9brj9c,1985-01-01,xn--s9brj9c,
xn--ses554g,2014-04-10,xn--ses554g,
xn--t60b56a,2015-07-28,xn--t60b56a,
xn--tckwe,2015-07-29,xn--tckwe,
xn--tiq49xqyj,2016-12-01,xn--tiq49xqyj,
xn--unup4y,2013-10-23,xn--unup4y,
xn--vermgensberater-ctb,2014-09-27,xn--vermgensberater-ctb,
xn--vermgensberatung-pwb,2014-09-27,xn--vermgensberatung-pwb,
xn--vhquv,2014-08-22,xn--vhquv,
xn--vuq861b,2015-03-18,xn--vuq861b,
xn--w4r85el8fhu5dnra,2016-03-05,xn--w4r85el8fhu5dnra,
xn--w4rs40l,2016-05-16,xn--w4rs40l,
xn--wgbh1c,1985-01-01,xn--wgbh1c,
xn--wgbl6a,1985-01-01,xn--wgbl6a,
xn--xhq521b,2014-08-14,xn--xhq521b,
xn--xkc2al3hye2a,1985-01-01,xn--xkc2al3hye2a,
xn--xkc2dl3a5ee0h,1985-01-01,xn--xkc2dl3a5ee0h,
xn--y9a3aq,1985-01-01,xn--y9a3aq,
xn--yfro4i67o,1985-01-01,xn--yfro4i67o,
xn--ygbi2ammx,1985-01-01,xn--ygbi2ammx,
xn--zfr164b,2013-12-17,xn--zfr164b,
xperia,2015-08-05,xperia,2018-07-20
xxx,2011-04-15,xxx,
xyz,2014-02-19,xyz,
yachts,2014-05-22,yachts,
yahoo,2016-02-13,yahoo,
yamaxun,2015-10-07,yamaxun,
yandex,2014-07-18,yandex,
ye,1985-01-01,ye,
yodobashi,2015-02-19,yodobashi,
yoga,2014-10-15,yoga,
yokohama,2014-04-03,yokohama,
you,2016-03-25,you,
youtube,2014-08-29,youtube,
yt,1985-01-01,yt,
yun,2016-03-30,yun,
za,1985-01-01,za,
zappos,2016-06-02,zappos,
zara,2015-10-27,zara,
zero,2015-12-05,zero,
zip,2014-09-15,zip,
zippo,2016-07-02,zippo,2019-02-15
zm,1985-01-01,zm,
zone,2014-01-14,zone,
zuerich,2014-12-25,zuerich,
zw,1985-01-01,zw,
